Path,Method,Schema,Model Name,Supported,Datasource,Resource
/apps/fabrics.eda.nokia.com,GET,AppGroup,app_group,true,true,false
/apps/fabrics.eda.nokia.com/v1,GET,ResourceList,resource_list,true,true,false
/apps/fabrics.eda.nokia.com/v1/_ui/{pathname},GET,UIResult,,false,false,false
/apps/fabrics.eda.nokia.com/v1/fabrics,GET,com.nokia.eda.fabrics.v1.FabricList,,false,false,false
/apps/fabrics.eda.nokia.com/v1/isls,GET,com.nokia.eda.fabrics.v1.ISLList,,false,false,false
/apps/fabrics.eda.nokia.com/v1/namespaces/{namespace}/fabrics,DELETE,com.nokia.eda.fabrics.v1.FabricList,,false,false,false
/apps/fabrics.eda.nokia.com/v1/namespaces/{namespace}/fabrics,GET,com.nokia.eda.fabrics.v1.FabricList,fabric_list,true,true,false
/apps/fabrics.eda.nokia.com/v1/namespaces/{namespace}/fabrics,POST,com.nokia.eda.fabrics.v1.Fabric,fabric,true,false,true
/apps/fabrics.eda.nokia.com/v1/namespaces/{namespace}/fabrics/_deleted,GET,com.nokia.eda.fabrics.v1.Fabric_DeletedResources,,false,false,false
/apps/fabrics.eda.nokia.com/v1/namespaces/{namespace}/fabrics/{name},DELETE,Status,fabric,true,false,true
/apps/fabrics.eda.nokia.com/v1/namespaces/{namespace}/fabrics/{name},GET,com.nokia.eda.fabrics.v1.Fabric,fabric,true,true,true
/apps/fabrics.eda.nokia.com/v1/namespaces/{namespace}/fabrics/{name},PATCH,com.nokia.eda.fabrics.v1.Fabric,,false,false,false
/apps/fabrics.eda.nokia.com/v1/namespaces/{namespace}/fabrics/{name},PUT,com.nokia.eda.fabrics.v1.Fabric,fabric,true,false,true
/apps/fabrics.eda.nokia.com/v1/namespaces/{namespace}/fabrics/{name}/_revs,GET,ResourceHistory,,false,false,false
/apps/fabrics.eda.nokia.com/v1/namespaces/{namespace}/fabrics/{name}/_targets,GET,IntentTargets,,false,false,false
/apps/fabrics.eda.nokia.com/v1/namespaces/{namespace}/fabrics/{name}/_topology,POST,K8STopologyRequest,,false,false,false
/apps/fabrics.eda.nokia.com/v1/namespaces/{namespace}/isls,DELETE,com.nokia.eda.fabrics.v1.ISLList,,false,false,false
/apps/fabrics.eda.nokia.com/v1/namespaces/{namespace}/isls,GET,com.nokia.eda.fabrics.v1.ISLList,isl_list,true,true,false
/apps/fabrics.eda.nokia.com/v1/namespaces/{namespace}/isls,POST,com.nokia.eda.fabrics.v1.ISL,isl,true,false,true
/apps/fabrics.eda.nokia.com/v1/namespaces/{namespace}/isls/_deleted,GET,com.nokia.eda.fabrics.v1.ISL_DeletedResources,,false,false,false
/apps/fabrics.eda.nokia.com/v1/namespaces/{namespace}/isls/{name},DELETE,Status,isl,true,false,true
/apps/fabrics.eda.nokia.com/v1/namespaces/{namespace}/isls/{name},GET,com.nokia.eda.fabrics.v1.ISL,isl,true,true,true
/apps/fabrics.eda.nokia.com/v1/namespaces/{namespace}/isls/{name},PATCH,com.nokia.eda.fabrics.v1.ISL,,false,false,false
/apps/fabrics.eda.nokia.com/v1/namespaces/{namespace}/isls/{name},PUT,com.nokia.eda.fabrics.v1.ISL,isl,true,false,true
/apps/fabrics.eda.nokia.com/v1/namespaces/{namespace}/isls/{name}/_revs,GET,ResourceHistory,,false,false,false
/apps/fabrics.eda.nokia.com/v1/namespaces/{namespace}/isls/{name}/_targets,GET,IntentTargets,,false,false,false
/apps/fabrics.eda.nokia.com/v1/namespaces/{namespace}/isls/{name}/_topology,POST,K8STopologyRequest,,false,false,false
/workflows/v1/fabrics.eda.nokia.com/v1/fabrictopologies,GET,com.nokia.eda.fabrics.v1.FabricTopologyList,,false,false,false
/workflows/v1/fabrics.eda.nokia.com/v1/islpings,GET,com.nokia.eda.fabrics.v1.IslPingList,,false,false,false
/workflows/v1/fabrics.eda.nokia.com/v1/namespaces/{namespace}/fabrictopologies,GET,com.nokia.eda.fabrics.v1.FabricTopologyList,fabric_topology_list,true,true,false
/workflows/v1/fabrics.eda.nokia.com/v1/namespaces/{namespace}/fabrictopologies,POST,com.nokia.eda.fabrics.v1.FabricTopology,fabric_topology,true,false,true
/workflows/v1/fabrics.eda.nokia.com/v1/namespaces/{namespace}/fabrictopologies/{name},DELETE,,fabric_topology,true,false,true
/workflows/v1/fabrics.eda.nokia.com/v1/namespaces/{namespace}/fabrictopologies/{name},GET,com.nokia.eda.fabrics.v1.FabricTopology,fabric_topology,true,true,true
/workflows/v1/fabrics.eda.nokia.com/v1/namespaces/{namespace}/fabrictopologies/{name}/_artifacts,GET,,,false,false,false
/workflows/v1/fabrics.eda.nokia.com/v1/namespaces/{namespace}/fabrictopologies/{name}/_artifacts/{artifact},GET,,,false,false,false
/workflows/v1/fabrics.eda.nokia.com/v1/namespaces/{namespace}/fabrictopologies/{name}/_input,GET,WorkflowGetInputsRespElem,workflow_get_inputs_resp_elem,true,true,false
/workflows/v1/fabrics.eda.nokia.com/v1/namespaces/{namespace}/fabrictopologies/{name}/_input,PUT,WorkflowInputData,,false,false,false
/workflows/v1/fabrics.eda.nokia.com/v1/namespaces/{namespace}/fabrictopologies/{name}/_logs,GET,,,false,false,false
/workflows/v1/fabrics.eda.nokia.com/v1/namespaces/{namespace}/fabrictopologies/{name}/_terminate,PUT,,,false,false,false
/workflows/v1/fabrics.eda.nokia.com/v1/namespaces/{namespace}/islpings,GET,com.nokia.eda.fabrics.v1.IslPingList,isl_ping_list,true,true,false
/workflows/v1/fabrics.eda.nokia.com/v1/namespaces/{namespace}/islpings,POST,com.nokia.eda.fabrics.v1.IslPing,isl_ping,true,false,true
/workflows/v1/fabrics.eda.nokia.com/v1/namespaces/{namespace}/islpings/{name},DELETE,,isl_ping,true,false,true
/workflows/v1/fabrics.eda.nokia.com/v1/namespaces/{namespace}/islpings/{name},GET,com.nokia.eda.fabrics.v1.IslPing,isl_ping,true,true,true
/workflows/v1/fabrics.eda.nokia.com/v1/namespaces/{namespace}/islpings/{name}/_artifacts,GET,,,false,false,false
/workflows/v1/fabrics.eda.nokia.com/v1/namespaces/{namespace}/islpings/{name}/_artifacts/{artifact},GET,,,false,false,false
/workflows/v1/fabrics.eda.nokia.com/v1/namespaces/{namespace}/islpings/{name}/_input,GET,WorkflowGetInputsRespElem,,false,false,false
/workflows/v1/fabrics.eda.nokia.com/v1/namespaces/{namespace}/islpings/{name}/_input,PUT,WorkflowInputData,,false,false,false
/workflows/v1/fabrics.eda.nokia.com/v1/namespaces/{namespace}/islpings/{name}/_logs,GET,,,false,false,false
/workflows/v1/fabrics.eda.nokia.com/v1/namespaces/{namespace}/islpings/{name}/_terminate,PUT,,,false,false,false
